{"Zip_code":{"0":60601,"1":60603,"2":60605,"3":60606,"4":60607,"5":60608,"6":60609,"7":60610,"8":60611,"9":60612,"10":60613,"11":60614,"12":60615,"13":60616,"14":60617,"15":60618,"16":60619,"17":60620,"18":60621,"19":60622,"20":60623,"21":60624,"22":60625,"23":60626,"24":60628,"25":60629,"26":60630,"27":60631,"28":60632,"29":60633,"30":60634,"31":60636,"32":60637,"33":60638,"34":60639,"35":60640,"36":60641,"37":60642,"38":60643,"39":60644,"40":60645,"41":60646,"42":60647,"43":60649,"44":60651,"45":60652,"46":60653,"47":60654,"48":60655,"49":60656,"50":60657,"51":60659,"52":60660,"53":60661,"54":60706,"55":60707,"56":60712,"57":60803,"58":60804,"59":60805,"60":60827},"predicted_aug_value":{"0":363791.768881249,"1":1003716.9847488001,"2":492907.48692453,"3":795648.7188212541,"4":557157.245738719,"5":465405.911907751,"6":446732.040898552,"7":609892.12376586,"8":404624.148277069,"9":278281.227456318,"10":489939.3308973529,"11":445524.2726911021,"12":320786.558745144,"13":413647.2956087679,"14":412949.508003249,"15":442433.773967147,"16":340302.645320013,"17":451707.461058426,"18":277189.710955685,"19":447094.326153863,"20":350912.228674151,"21":312918.329074209,"22":397583.891055839,"23":422896.319407475,"24":374014.088908286,"25":328147.133645744,"26":427684.855811834,"27":319012.541436334,"28":449324.866819701,"29":269520.599254738,"30":398496.592093293,"31":388778.9806863629,"32":345772.802090044,"33":404013.138785666,"34":497493.619452544,"35":442066.980926214,"36":363046.256134361,"37":554357.831913095,"38":378125.921619777,"39":314589.764504079,"40":395312.05958464,"41":435287.126112959,"42":422136.139946826,"43":334552.488775263,"44":308614.661434935,"45":406390.705490032,"46":334440.636831187,"47":294296.499125213,"48":375808.434259298,"49":371679.986179692,"50":383695.158482539,"51":409604.906241981,"52":378347.172057428,"53":459327.091047438,"54":158418.015765716,"55":283969.282415071,"56":159881.683982046,"57":158339.349115145,"58":156906.809771984,"59":156746.251768266,"60":242090.108167739},"actual_aug_value":{"0":379598.3846,"1":1018808.0,"2":639286.8372,"3":360183.5,"4":549911.4756,"5":299890.9605,"6":196870.7893,"7":1283388.7920000001,"8":1138378.3999999999,"9":371827.7181,"10":829334.9023,"11":1317750.825,"12":614356.7961,"13":408565.5405,"14":116862.2148,"15":591765.4717,"16":127651.7811,"17":120438.7686,"18":90338.09804,"19":700169.0097000001,"20":166247.1564,"21":181371.1301,"22":492926.6149,"23":338826.2614,"24":96303.24332,"25":178233.6148,"26":323528.2345,"27":372541.1379,"28":185826.3681,"29":132926.9375,"30":280705.2332,"31":69101.4185,"32":329168.5481,"33":234161.2574,"34":245801.1899,"35":569529.2439,"36":336895.9524,"37":581600.1613,"38":213050.0806,"39":158805.9422,"40":355284.0928,"41":406631.2073,"42":539363.0636,"43":152823.6724,"44":199260.5497,"45":184676.4797,"46":345273.5543,"47":957056.6364,"48":246231.6881,"49":313401.4047,"50":883022.5385,"51":370432.701,"52":477730.4138,"53":411946.3333,"54":276852.0,"55":274370.7606,"56":308127.6667,"57":118604.0,"58":164400.0,"59":154171.5714,"60":41745.52381},"difference":{"0":15806.6157187513,"1":15091.015251199,"2":146379.35027547,"3":-435465.218821254,"4":-7245.7701387192,"5":-165514.951407751,"6":-249861.251598552,"7":673496.66823414,"8":733754.2517229309,"9":93546.4906436817,"10":339395.571402647,"11":872226.552308898,"12":293570.237354856,"13":-5081.7551087679,"14":-296087.293203249,"15":149331.697732853,"16":-212650.864220013,"17":-331268.692458426,"18":-186851.612915685,"19":253074.683546137,"20":-184665.072274151,"21":-131547.198974209,"22":95342.7238441613,"23":-84070.0580074752,"24":-277710.845588286,"25":-149913.518845744,"26":-104156.621311834,"27":53528.5964636665,"28":-263498.498719701,"29":-136593.661754738,"30":-117791.358893293,"31":-319677.562186363,"32":-16604.253990044,"33":-169851.881385666,"34":-251692.429552544,"35":127462.262973786,"36":-26150.3037343612,"37":27242.3293869049,"38":-165075.841019777,"39":-155783.822304079,"40":-40027.9667846397,"41":-28655.918812959,"42":117226.923653174,"43":-181728.816375263,"44":-109354.111734935,"45":-221714.225790032,"46":10832.917468813,"47":662760.137274786,"48":-129576.746159298,"49":-58278.5814796925,"50":499327.380017461,"51":-39172.2052419814,"52":99383.2417425724,"53":-47380.7577474377,"54":118433.984234284,"55":-9598.5218150707,"56":148245.982717954,"57":-39735.3491151446,"58":7493.1902280156,"59":-2574.6803682662,"60":-200344.584357739},"count_groceries":{"0":1.0412559328,"1":0.0,"2":2.374676032,"3":0.0,"4":3.4291856081,"5":3.3533276975,"6":3.5793413655,"7":5.2276393153,"8":2.4660520229,"9":0.5901178323,"10":2.9620953573,"11":1.959221966,"12":1.0444643168,"13":2.301996957,"14":2.5817479563,"15":2.6945792203,"16":1.4419630066,"17":3.4877559561,"18":0.8893349903,"19":2.7931408009,"20":1.6918887641,"21":1.058504222,"22":1.5347474007,"23":2.6569974047,"24":2.4476401722,"25":0.9443633584,"26":1.9052006872,"27":0.513492457,"28":2.8820635336,"29":0.6085667473,"30":1.8082772342,"31":3.3339668521,"32":1.7027340413,"33":2.4874796523,"34":4.1379210961,"35":2.8895480563,"36":1.5203420062,"37":3.8385790445,"38":2.3377155642,"39":1.1426326921,"40":1.580445991,"41":1.8152546077,"42":2.4020097675,"43":1.451147773,"44":0.7305979695,"45":2.403534746,"46":1.4978257368,"47":0.0,"48":1.5086809784,"49":1.686492874,"50":0.9589900863,"51":1.7122964483,"52":1.4191612437,"53":4.8126939955,"54":0.0,"55":0.3493360337,"56":0.0,"57":0.0,"58":0.0,"59":0.0,"60":0.3464869734},"crime_score":{"0":0.0126323476,"1":18.6433430515,"2":0.2374262855,"3":0.4417137164,"4":0.0724178032,"5":0.1575596885,"6":0.1274698795,"7":0.1603361257,"8":0.0569654342,"9":0.2214910431,"10":0.079161534,"11":0.2542360743,"12":0.103286385,"13":0.3045644732,"14":0.0442613935,"15":0.1451919859,"16":0.3079653625,"17":0.3321404349,"18":0.2047605391,"19":0.1326124075,"20":0.2298580619,"21":0.0337756333,"22":0.1938805159,"23":0.1974645638,"24":0.1340540858,"25":0.1222894078,"26":0.0293959429,"27":0.155464268,"28":0.0914168521,"29":0.2338300694,"30":0.0632852743,"31":0.2115486738,"32":0.2857520648,"33":0.1275413016,"34":0.0289432553,"35":0.1223616742,"36":0.1216415164,"37":0.0877588682,"38":0.2849901994,"39":0.0234464699,"40":0.2221255649,"41":0.1601588111,"42":0.0135484887,"43":0.3081295059,"44":0.1939474409,"45":0.1706995466,"46":0.2027701723,"47":0.3516274238,"48":0.1407049163,"49":0.0901310607,"50":0.0548605663,"51":0.0883446596,"52":0.0353820198,"53":2.3290163759,"54":0.0,"55":0.1093415572,"56":0.0,"57":0.0,"58":0.0,"59":0.0,"60":0.2326773836},"business_score":{"0":7.2873311428,"1":68.7074829932,"2":2.415204898,"3":31.3517103952,"4":3.8199950664,"5":0.9209447689,"6":0.5654618474,"7":2.2061501639,"8":5.5983271552,"9":0.6355634298,"10":1.3530160141,"11":1.8176088918,"12":0.7303077726,"13":1.6298972994,"14":0.5399865003,"15":1.1084155931,"16":0.5555378689,"17":0.4733113032,"18":0.1051524711,"19":1.9424605725,"20":0.4890114254,"21":-0.1704515655,"22":0.8931616913,"23":0.5270513076,"24":0.331977026,"25":0.429177092,"26":0.6941190761,"27":1.3527870246,"28":0.6283544967,"29":0.2652726847,"30":0.7794827069,"31":0.1201822298,"32":0.2807274503,"33":0.5558826585,"34":0.5742093536,"35":1.1045194372,"36":0.8833271991,"37":3.0192741439,"38":0.6652543212,"39":0.1893443448,"40":0.4434448664,"41":0.994390617,"42":1.3030855445,"43":0.5064354903,"44":0.176492495,"45":0.7934671972,"46":0.7086487357,"47":7.1791320406,"48":0.4975470582,"49":0.6517224092,"50":1.5847657086,"51":1.3386331581,"52":0.694143167,"53":5.5228513325,"54":0.1355702423,"55":0.4556857149,"56":0.2057450344,"57":0.1317986117,"58":0.0631162769,"59":0.055418409,"60":0.0277161863},"school_score":{"0":0.0,"1":0.0,"2":4.0,"3":0.0,"4":3.3333333333,"5":2.7407407407,"6":2.1481481481,"7":3.125,"8":0.0,"9":2.04,"10":3.5714285714,"11":3.7142857143,"12":2.3333333333,"13":2.625,"14":2.5925925926,"15":2.9473684211,"16":2.5263157895,"17":2.5909090909,"18":1.875,"19":2.5,"20":2.4285714286,"21":2.5263157895,"22":3.5333333333,